config,episode,family,source_folder,ticks,model_calls,unusable_answers,tokens_in,tokens_out,median_call_s,nonquiet_ticks,median_nonquiet_tick_s,max_tick_s,ticks_over_30s,wall_s,chip_c_start,chip_c_end,faithfulness,action_precision,action_recall,state_macro_f1,false_alarms_per_h,true_cause,true_group,heldout,scored_ticks,group_top1,belief_group_top1,exact_top1,true_group_in_top3,mrr,ticks_helped_vs_belief,ticks_harmed_vs_belief,first_right_min_after_onset,right_before_trip,lead_time_min_exact,rank1_changes_per_100,conf_when_right,conf_when_wrong,conf_auroc
single,ep_A01_fcv_seize,A,single_6mark,130,147,14,233599,25309,12.856,106,16.051,47.163,19,2112.5,36.8,64.8,0.755,0.267,1.0,0.857,,RCA-01,RCA-01+RCA-16,False,106,0.557,0.547,0.17,0.811,0.679,26,25,12.0,0.522,17.2,39.048,0.329,0.303,0.529
single,ep_B01_tube_leak,B,presentation,170,196,34,328202,31765,13.222,128,23.324,40.341,33,2837.28,,,0.842,0.364,1.0,0.494,,RCA-11,RCA-11,False,128,0.656,0.555,0.656,0.914,0.779,41,28,11.0,,,37.795,0.432,0.275,0.627
single,ep_C01_wet_coal,C,presentation,170,43,3,82800,9040,16.388,43,16.391,41.325,5,784.55,,,0.983,0.5,1.0,0.459,,RCA-06,RCA-14+RCA-18,True,43,0.674,0.977,,1.0,0.837,1,14,9.0,,,23.81,0.496,0.278,0.733
single,ep_D01_high_cv_coal,D,presentation,310,250,20,449259,47952,16.553,223,17.523,38.181,24,4180.97,,,0.947,0.571,1.0,0.76,,RCA-07,RCA-07,False,221,0.801,0.824,0.801,0.914,0.856,9,14,12.0,0.92,108.3,15.909,0.765,0.318,0.964
single,ep_E01_fouling_drift,E,presentation,390,0,0,0,0,,0,,,0,0.28,,,1.0,,,1.0,,,,,,,,,,,,,,,,,,,
single,ep_N01_normal,N,single_6mark,80,0,0,0,0,,0,,,0,8.5,34.7,36.6,1.0,,,1.0,0.0,,,,,,,,,,,,,,,,,,
multi_model,ep_A01_fcv_seize,A,multi_v2_6mark,130,72,0,46871,2221,2.822,106,2.552,5.159,0,203.6,38.2,60.6,1.0,0.308,1.0,0.857,,RCA-01,RCA-01+RCA-16,False,106,0.594,0.547,0.217,0.972,0.75,43,38,9.0,0.891,20.2,27.619,0.257,0.221,0.583
multi_model,ep_B01_tube_leak,B,multi_v2_6mark,170,95,0,57167,2659,2.621,128,1.913,6.181,0,248.1,38.7,62.9,1.0,0.571,1.0,0.494,,RCA-11,RCA-11,False,128,0.094,0.555,0.094,0.633,0.312,6,65,50.0,,,24.409,0.422,0.28,0.772
multi_model,ep_C01_wet_coal,C,multi_v2_6mark,170,30,0,21594,974,2.925,43,2.826,4.881,0,93.6,38.0,56.7,1.0,0.429,0.75,0.459,,RCA-06,RCA-14+RCA-18,True,43,0.791,0.977,,1.0,0.86,1,9,9.0,,,23.81,0.497,0.286,0.997
multi_model,ep_D01_high_cv_coal,D,multi_v2_6mark,310,147,0,96584,4719,3.041,223,2.032,6.314,0,434.7,39.1,65.5,1.0,0.4,1.0,0.76,,RCA-07,RCA-07,False,221,0.032,0.824,0.032,0.887,0.433,7,182,133.0,0.0,-12.7,19.091,0.413,0.215,0.862
multi_model,ep_E01_fouling_drift,E,multi_v2_6mark,390,10,0,4035,180,1.73,0,,,0,27.0,38.4,50.8,1.0,,,1.0,,,,,,,,,,,,,,,,,,,
multi_model,ep_N01_normal,N,multi_v2_6mark,80,5,0,2013,91,1.66,0,,,0,17.0,34.5,44.6,1.0,,,1.0,0.0,,,,,,,,,,,,,,,,,,
multi_tiebreak,ep_A01_fcv_seize,A,multi_tiebreak_6mark,130,96,0,56143,2834,2.632,106,2.646,6.789,0,257.1,44.8,62.1,0.756,0.286,1.0,0.857,,RCA-01,RCA-01+RCA-16,False,106,0.566,0.547,0.566,0.585,0.572,2,0,9.0,0.022,20.2,9.524,0.73,0.436,0.966
multi_tiebreak,ep_B01_tube_leak,B,multi_tiebreak_6mark,170,71,0,46919,2080,3.036,128,0.056,7.547,0,218.1,58.3,63.7,1.0,0.4,1.0,0.494,,RCA-11,RCA-11,False,128,0.359,0.555,0.359,0.727,0.526,2,27,10.5,,,18.11,0.676,0.504,0.766
multi_tiebreak,ep_C01_wet_coal,C,multi_tiebreak_6mark,170,30,0,21594,976,3.243,43,3.119,5.412,0,104.0,60.1,64.7,1.0,0.667,1.0,0.459,,RCA-06,RCA-14+RCA-18,True,43,0.977,0.977,,1.0,0.988,1,1,9.0,,,14.286,0.497,0.462,0.976
multi_tiebreak,ep_D01_high_cv_coal,D,multi_tiebreak_6mark,310,103,0,77164,3621,3.37,223,0.11,7.099,0,367.7,60.1,64.8,0.986,0.571,1.0,0.76,,RCA-07,RCA-07,False,221,0.851,0.824,0.851,0.887,0.868,6,0,12.0,0.994,108.3,3.182,0.783,0.526,0.961
multi_tiebreak,ep_E01_fouling_drift,E,multi_tiebreak_6mark,390,10,0,4035,180,2.02,0,,,0,30.5,62.1,62.9,1.0,,,1.0,,,,,,,,,,,,,,,,,,,
multi_tiebreak,ep_N01_normal,N,multi_tiebreak_6mark,80,5,0,2013,91,1.696,0,,,0,17.0,47.3,47.5,1.0,,,1.0,0.0,,,,,,,,,,,,,,,,,,
multi_nudge,ep_A01_fcv_seize,A,multi_nudge_6mark,130,90,0,54500,2685,2.86,106,2.759,7.357,0,261.6,52.7,64.1,0.865,0.286,1.0,0.857,,RCA-01,RCA-01+RCA-16,False,106,0.679,0.547,0.679,0.755,0.706,14,0,23.5,0.261,5.7,5.714,0.721,0.456,0.811
multi_nudge,ep_B01_tube_leak,B,multi_nudge_6mark,170,71,0,46917,2061,3.013,128,0.055,7.315,0,212.6,50.8,63.7,1.0,0.444,1.0,0.494,,RCA-11,RCA-11,False,128,0.5,0.555,0.5,0.812,0.648,4,11,10.5,,,9.449,0.626,0.49,0.815
multi_nudge,ep_C01_wet_coal,C,multi_nudge_6mark,170,30,0,21594,972,3.194,43,3.131,5.415,0,103.1,53.6,63.7,1.0,0.8,1.0,0.459,,RCA-06,RCA-14+RCA-18,True,43,1.0,0.977,,1.0,1.0,1,0,9.0,,,0.0,0.499,,
multi_nudge,ep_D01_high_cv_coal,D,multi_nudge_6mark,310,103,0,77282,3691,3.207,223,0.111,8.457,0,354.2,50.2,61.0,0.983,0.571,1.0,0.76,,RCA-07,RCA-07,False,221,0.819,0.824,0.819,0.887,0.851,0,1,17.0,0.988,103.3,0.909,0.796,0.539,0.994
multi_nudge,ep_E01_fouling_drift,E,multi_nudge_6mark,390,10,0,4035,180,1.911,0,,,0,29.5,51.9,60.2,1.0,,,1.0,,,,,,,,,,,,,,,,,,,
multi_nudge,ep_N01_normal,N,multi_nudge_6mark,80,5,0,2013,91,1.851,0,,,0,18.0,49.0,55.4,1.0,,,1.0,0.0,,,,,,,,,,,,,,,,,,
multi_nudge,ep_A02_fcv_seize_fast,A,multi_nudge_6.1mark,80,52,0,30887,1596,2.6,64,2.579,6.733,0,151.1,34.5,57.9,0.991,0.25,0.75,0.638,,RCA-01,RCA-01+RCA-16,False,64,0.297,0.25,0.0,0.703,0.458,3,0,4.0,0.682,,14.286,0.536,0.488,0.719
multi_nudge,ep_A03_bfp_suction,A,multi_nudge_6.1mark,110,64,0,40478,2018,2.832,93,2.738,6.396,0,185.6,39.7,61.4,0.98,0.364,1.0,0.757,,RCA-16,RCA-01+RCA-16,False,91,0.462,0.451,0.0,0.626,0.516,1,0,28.5,0.0,,1.111,0.742,0.5,0.976
multi_nudge,ep_B02_tube_leak_fast,B,multi_nudge_6.1mark,80,38,0,25090,984,2.493,51,2.278,4.89,0,100.6,40.5,58.7,1.0,0.8,1.0,0.472,,RCA-11,RCA-11,False,51,0.882,0.863,0.882,0.961,0.915,1,0,4.0,,,4.0,0.82,0.464,0.959
multi_nudge,ep_B03_tube_leak_slow,B,multi_nudge_6.1mark,290,106,0,75359,3294,2.92,214,0.062,5.829,0,327.2,40.5,63.7,1.0,0.444,1.0,0.5,,RCA-11,RCA-11,False,214,0.299,0.285,0.299,0.369,0.333,3,0,27.5,,,6.573,0.817,0.437,0.965
multi_nudge,ep_C02_feeder_trip,C,multi_nudge_6.1mark,100,56,0,40240,1796,2.882,76,2.821,6.463,0,171.6,39.5,61.0,1.0,0.5,1.0,0.732,,RCA-14,RCA-14+RCA-18,False,76,0.553,0.526,0.553,0.803,0.656,2,0,1.5,,,1.333,0.494,0.787,0.07
multi_nudge,ep_C03_wet_coal_mild,C,multi_nudge_6.1mark,190,37,0,25132,1172,2.967,55,0.044,5.255,0,116.6,40.3,58.7,0.929,0.571,1.0,0.593,,RCA-06,RCA-14+RCA-18,True,55,0.945,0.473,,1.0,0.973,26,0,20.5,,,3.704,0.401,0.344,0.532
multi_v3,ep_A01_fcv_seize,A,multi_v3,130,74,0,46958,2374,2.795,106,2.382,5.267,0,212.1,34.9,59.0,0.863,0.286,1.0,0.857,,RCA-01,RCA-01+RCA-16,False,106,0.887,0.547,0.887,0.943,0.912,36,0,7.0,0.739,22.2,7.619,0.613,0.371,0.746
multi_v3,ep_A02_fcv_seize_fast,A,multi_v3,80,58,0,32723,1658,2.683,64,2.768,5.512,0,159.6,55.2,64.5,0.989,0.308,1.0,0.638,,RCA-01,RCA-01+RCA-16,False,64,0.578,0.25,0.062,0.812,0.667,21,0,4.0,0.727,-5.9,23.81,0.356,0.476,0.369
multi_v3,ep_A03_bfp_suction,A,multi_v3,110,64,0,39087,1982,2.82,93,2.701,5.657,0,194.1,60.8,64.5,0.989,0.364,1.0,0.757,,RCA-16,RCA-01+RCA-16,False,91,0.813,0.451,0.11,0.835,0.821,33,0,6.0,0.562,-0.5,16.667,0.418,0.322,0.61
multi_v3,ep_B01_tube_leak,B,multi_v3,170,60,0,41120,1675,2.721,128,0.054,4.617,0,172.6,83.7,62.1,1.0,0.8,1.0,0.494,,RCA-11,RCA-11,False,128,1.0,0.555,1.0,1.0,1.0,57,0,10.5,,,0.0,0.495,,
multi_v3,ep_B02_tube_leak_fast,B,multi_v3,80,25,0,18606,685,2.764,51,0.027,3.229,0,80.0,61.2,64.1,1.0,1.0,0.75,0.472,,RCA-11,RCA-11,False,51,1.0,0.863,1.0,1.0,1.0,7,0,4.0,,,0.0,0.759,,
multi_v3,ep_B03_tube_leak_slow,B,multi_v3,290,123,0,79580,3955,3.048,214,0.893,6.385,0,388.2,60.1,63.7,1.0,0.333,1.0,0.5,,RCA-11,RCA-11,False,214,0.598,0.285,0.598,0.636,0.614,67,0,27.5,,,8.92,0.49,0.435,0.551
multi_v3,ep_C01_wet_coal,C,multi_v3,170,24,0,18255,873,3.435,43,2.828,3.974,0,90.5,58.5,62.5,1.0,0.333,0.75,0.459,,RCA-06,RCA-14+RCA-18,True,43,0.628,0.977,,1.0,0.814,1,16,9.0,,,14.286,0.498,0.042,1.0
multi_v3,ep_C02_feeder_trip,C,multi_v3,100,59,0,39190,1950,2.946,76,2.805,7.526,0,183.6,59.7,62.9,0.986,0.429,1.0,0.732,,RCA-14,RCA-14+RCA-18,False,76,0.316,0.526,0.316,0.921,0.583,0,16,1.5,,,5.333,0.5,0.579,0.356
multi_v3,ep_C03_wet_coal_mild,C,multi_v3,190,26,0,20282,1014,3.5,55,0.023,3.855,0,100.5,58.9,61.7,0.93,0.5,1.0,0.593,,RCA-06,RCA-14+RCA-18,True,55,0.382,0.473,,1.0,0.691,0,5,20.5,,,1.852,0.5,0.621,0.147
multi_v3,ep_D01_high_cv_coal,D,multi_v3,310,96,0,71934,3619,3.536,223,0.064,5.855,0,346.1,58.9,65.1,0.987,0.444,1.0,0.76,,RCA-07,RCA-07,False,221,0.828,0.824,0.828,0.932,0.874,2,1,5.5,1.0,114.8,3.636,0.789,0.447,0.983
multi_v3,ep_E01_fouling_drift,E,multi_v3,390,0,0,0,0,,0,,,0,10.0,61.2,57.1,1.0,,,1.0,,,,,,,,,,,,,,,,,,,
multi_v3,ep_N01_normal,N,multi_v3,80,0,0,0,0,,0,,,0,9.5,33.3,35.6,1.0,,,1.0,0.0,,,,,,,,,,,,,,,,,,
